1,2020-01-01,COVID-19,0,0,0
2,2020-01-01,Economy and jobs,57,0.01740458,1.740458
3,2020-01-01,Environment,71,0.021679389,2.1679389
4,2020-01-01,Government,34,0.010381679,1.0381679
5,2020-01-01,Healthcare,26,0.007938931,0.7938931
6,2020-01-01,Immigration and refugees,19,0.005801527,0.5801527
7,2020-01-02,COVID-19,9,0.001713959,0.1713959
8,2020-01-02,Economy and jobs,118,0.02247191,2.247191
9,2020-01-02,Environment,115,0.02190059,2.190059
10,2020-01-02,Government,76,0.014473434,1.4473434
11,2020-01-02,Healthcare,49,0.009331556,0.9331556
12,2020-01-02,Immigration and refugees,18,0.003427918,0.3427918
13,2020-01-03,COVID-19,5,0.000682687,0.0682687
14,2020-01-03,Economy and jobs,114,0.015565265,1.5565265
15,2020-01-03,Environment,128,0.017476789,1.7476789
16,2020-01-03,Government,78,0.010649918,1.0649918
17,2020-01-03,Healthcare,49,0.006690333,0.6690333
18,2020-01-03,Immigration and refugees,43,0.005871109,0.5871109
19,2020-01-04,COVID-19,6,0.001247142,0.1247142
20,2020-01-04,Economy and jobs,68,0.014134276,1.4134276
21,2020-01-04,Environment,100,0.020785699,2.0785699
22,2020-01-04,Government,38,0.007898566,0.7898566
23,2020-01-04,Healthcare,49,0.010184993,1.0184993
24,2020-01-04,Immigration and refugees,33,0.006859281,0.6859281
25,2020-01-05,COVID-19,8,0.001540239,0.1540239
26,2020-01-05,Economy and jobs,62,0.01193685,1.193685
27,2020-01-05,Environment,84,0.016172507,1.6172507
28,2020-01-05,Government,80,0.015402387,1.5402387
29,2020-01-05,Healthcare,36,0.006931074,0.6931074
30,2020-01-05,Immigration and refugees,54,0.010396611,1.0396611
31,2020-01-06,COVID-19,8,0.001056943,0.1056943
32,2020-01-06,Economy and jobs,119,0.015722024,1.5722024
33,2020-01-06,Environment,153,0.020214031,2.0214031
34,2020-01-06,Government,90,0.011890606,1.1890606
35,2020-01-06,Healthcare,66,0.008719778,0.8719778
36,2020-01-06,Immigration and refugees,118,0.015589906,1.5589906
37,2020-01-07,COVID-19,14,0.001702542,0.1702542
38,2020-01-07,Economy and jobs,226,0.027483887,2.7483887
39,2020-01-07,Environment,157,0.019092789,1.9092789
40,2020-01-07,Government,108,0.013133893,1.3133893
41,2020-01-07,Healthcare,63,0.007661437,0.7661437
42,2020-01-07,Immigration and refugees,97,0.011796181,1.1796181
43,2020-01-08,COVID-19,7,0.000620073,0.0620073
44,2020-01-08,Economy and jobs,163,0.014438834,1.4438834
45,2020-01-08,Environment,150,0.013287271,1.3287271
46,2020-01-08,Government,72,0.00637789,0.637789
47,2020-01-08,Healthcare,126,0.011161307,1.1161307
48,2020-01-08,Immigration and refugees,59,0.005226327,0.5226327
49,2020-01-09,COVID-19,12,0.001244813,0.1244813
50,2020-01-09,Economy and jobs,154,0.015975104,1.5975104
51,2020-01-09,Environment,154,0.015975104,1.5975104
52,2020-01-09,Government,94,0.009751037,0.9751037
53,2020-01-09,Healthcare,83,0.008609959,0.8609959
54,2020-01-09,Immigration and refugees,42,0.004356846,0.4356846
55,2020-01-10,COVID-19,10,0.001016363,0.1016363
56,2020-01-10,Economy and jobs,258,0.026222177,2.6222177
57,2020-01-10,Environment,154,0.015651997,1.5651997
58,2020-01-10,Government,115,0.01168818,1.168818
59,2020-01-10,Healthcare,50,0.005081817,0.5081817
60,2020-01-10,Immigration and refugees,67,0.006809635,0.6809635
61,2020-01-11,COVID-19,15,0.002162318,0.2162318
62,2020-01-11,Economy and jobs,115,0.016577771,1.6577771
63,2020-01-11,Environment,94,0.013550526,1.3550526
64,2020-01-11,Government,39,0.005622027,0.5622027
65,2020-01-11,Healthcare,50,0.007207727,0.7207727
66,2020-01-11,Immigration and refugees,41,0.005910336,0.5910336
67,2020-01-12,COVID-19,10,0.001656452,0.1656452
68,2020-01-12,Economy and jobs,58,0.009607421,0.9607421
69,2020-01-12,Environment,138,0.022859036,2.2859036
70,2020-01-12,Government,26,0.004306775,0.4306775
71,2020-01-12,Healthcare,27,0.00447242,0.447242
72,2020-01-12,Immigration and refugees,24,0.003975485,0.3975485
73,2020-01-13,COVID-19,12,0.001372998,0.1372998
74,2020-01-13,Economy and jobs,152,0.017391304,1.7391304
75,2020-01-13,Environment,132,0.015102975,1.5102975
76,2020-01-13,Government,83,0.009496568,0.9496568
77,2020-01-13,Healthcare,57,0.006521739,0.6521739
78,2020-01-13,Immigration and refugees,48,0.005491991,0.5491991
79,2020-01-14,COVID-19,13,0.001403585,0.1403585
80,2020-01-14,Economy and jobs,170,0.018354567,1.8354567
81,2020-01-14,Environment,164,0.017706759,1.7706759
82,2020-01-14,Government,130,0.014035845,1.4035845
83,2020-01-14,Healthcare,69,0.007449795,0.7449795
84,2020-01-14,Immigration and refugees,54,0.005830274,0.5830274
85,2020-01-15,COVID-19,18,0.001682243,0.1682243
86,2020-01-15,Economy and jobs,222,0.020747664,2.0747664
87,2020-01-15,Environment,200,0.018691589,1.8691589
88,2020-01-15,Government,142,0.013271028,1.3271028
89,2020-01-15,Healthcare,50,0.004672897,0.4672897
90,2020-01-15,Immigration and refugees,72,0.006728972,0.6728972
91,2020-01-16,COVID-19,20,0.001921599,0.1921599
92,2020-01-16,Economy and jobs,166,0.01594927,1.594927
93,2020-01-16,Environment,194,0.018639508,1.8639508
94,2020-01-16,Government,208,0.019984627,1.9984627
95,2020-01-16,Healthcare,64,0.006149116,0.6149116
96,2020-01-16,Immigration and refugees,37,0.003554958,0.3554958
97,2020-01-17,COVID-19,20,0.002196113,0.2196113
98,2020-01-17,Economy and jobs,153,0.016800264,1.6800264
99,2020-01-17,Environment,160,0.017568903,1.7568903
100,2020-01-17,Government,138,0.015153179,1.5153179
101,2020-01-17,Healthcare,89,0.009772702,0.9772702
102,2020-01-17,Immigration and refugees,57,0.006258922,0.6258922
103,2020-01-18,COVID-19,25,0.003806913,0.3806913
104,2020-01-18,Economy and jobs,88,0.013400335,1.3400335
105,2020-01-18,Environment,109,0.016598142,1.6598142
106,2020-01-18,Government,90,0.013704888,1.3704888
107,2020-01-18,Healthcare,45,0.006852444,0.6852444
108,2020-01-18,Immigration and refugees,46,0.007004721,0.7004721
109,2020-01-19,COVID-19,27,0.005225469,0.5225469
110,2020-01-19,Economy and jobs,78,0.0150958,1.50958
111,2020-01-19,Environment,94,0.018192375,1.8192375
112,2020-01-19,Government,62,0.011999226,1.1999226
113,2020-01-19,Healthcare,37,0.007160828,0.7160828
114,2020-01-19,Immigration and refugees,38,0.007354364,0.7354364
115,2020-01-20,COVID-19,55,0.006533618,0.6533618
116,2020-01-20,Economy and jobs,161,0.019125683,1.9125683
117,2020-01-20,Environment,202,0.023996199,2.3996199
118,2020-01-20,Government,120,0.014255167,1.4255167
119,2020-01-20,Healthcare,63,0.007483963,0.7483963
120,2020-01-20,Immigration and refugees,44,0.005226895,0.5226895
121,2020-01-21,COVID-19,84,0.008236909,0.8236909
122,2020-01-21,Economy and jobs,235,0.023043734,2.3043734
123,2020-01-21,Environment,244,0.02392626,2.392626
124,2020-01-21,Government,218,0.021376741,2.1376741
125,2020-01-21,Healthcare,76,0.007452442,0.7452442
126,2020-01-21,Immigration and refugees,51,0.005000981,0.5000981
127,2020-01-22,COVID-19,129,0.012300944,1.2300944
128,2020-01-22,Economy and jobs,254,0.024220463,2.4220463
129,2020-01-22,Environment,201,0.019166587,1.9166587
130,2020-01-22,Government,173,0.016496615,1.6496615
131,2020-01-22,Healthcare,100,0.009535616,0.9535616
132,2020-01-22,Immigration and refugees,53,0.005053876,0.5053876
133,2020-01-23,COVID-19,112,0.010698252,1.0698252
134,2020-01-23,Economy and jobs,218,0.020823383,2.0823383
135,2020-01-23,Environment,180,0.017193619,1.7193619
136,2020-01-23,Government,181,0.017289139,1.7289139
137,2020-01-23,Healthcare,99,0.009456491,0.9456491
138,2020-01-23,Immigration and refugees,49,0.004680485,0.4680485
139,2020-01-24,COVID-19,111,0.011140104,1.1140104
140,2020-01-24,Economy and jobs,153,0.015355279,1.5355279
141,2020-01-24,Environment,170,0.017061421,1.7061421
142,2020-01-24,Government,108,0.01083902,1.083902
143,2020-01-24,Healthcare,140,0.014050582,1.4050582
144,2020-01-24,Immigration and refugees,48,0.004817342,0.4817342
145,2020-01-25,COVID-19,97,0.0146393,1.46393
146,2020-01-25,Economy and jobs,93,0.014035617,1.4035617
147,2020-01-25,Environment,78,0.011771808,1.1771808
148,2020-01-25,Government,72,0.010866284,1.0866284
149,2020-01-25,Healthcare,118,0.017808633,1.7808633
150,2020-01-25,Immigration and refugees,31,0.004678539,0.4678539
151,2020-01-26,COVID-19,107,0.018215867,1.8215867
152,2020-01-26,Economy and jobs,67,0.011406197,1.1406197
153,2020-01-26,Environment,65,0.011065713,1.1065713
154,2020-01-26,Government,48,0.008171604,0.8171604
155,2020-01-26,Healthcare,58,0.009874021,0.9874021
156,2020-01-26,Immigration and refugees,23,0.00391556,0.391556
157,2020-01-27,COVID-19,142,0.015043967,1.5043967
158,2020-01-27,Economy and jobs,156,0.016527174,1.6527174
159,2020-01-27,Environment,121,0.012819155,1.2819155
160,2020-01-27,Government,150,0.015891514,1.5891514
161,2020-01-27,Healthcare,71,0.007521983,0.7521983
162,2020-01-27,Immigration and refugees,64,0.006780379,0.6780379
163,2020-01-28,COVID-19,148,0.014189837,1.4189837
164,2020-01-28,Economy and jobs,225,0.021572387,2.1572387
165,2020-01-28,Environment,140,0.013422819,1.3422819
166,2020-01-28,Government,160,0.015340364,1.5340364
167,2020-01-28,Healthcare,72,0.006903164,0.6903164
168,2020-01-28,Immigration and refugees,55,0.00527325,0.527325
169,2020-01-29,COVID-19,168,0.013851101,1.3851101
170,2020-01-29,Economy and jobs,244,0.020117075,2.0117075
171,2020-01-29,Environment,180,0.014840465,1.4840465
172,2020-01-29,Government,182,0.015005359,1.5005359
173,2020-01-29,Healthcare,77,0.006348421,0.6348421
174,2020-01-29,Immigration and refugees,94,0.007750021,0.7750021
175,2020-01-30,COVID-19,211,0.019522576,1.9522576
176,2020-01-30,Economy and jobs,290,0.026831976,2.6831976
177,2020-01-30,Environment,195,0.018042191,1.8042191
178,2020-01-30,Government,179,0.016561806,1.6561806
179,2020-01-30,Healthcare,87,0.008049593,0.8049593
180,2020-01-30,Immigration and refugees,102,0.009437454,0.9437454
181,2020-01-31,COVID-19,150,0.014046259,1.4046259
182,2020-01-31,Economy and jobs,221,0.020694822,2.0694822
183,2020-01-31,Environment,155,0.014514468,1.4514468
184,2020-01-31,Government,239,0.022380373,2.2380373
185,2020-01-31,Healthcare,139,0.0130162,1.30162
186,2020-01-31,Immigration and refugees,85,0.007959547,0.7959547
187,2020-02-01,COVID-19,67,0.009837028,0.9837028
188,2020-02-01,Economy and jobs,145,0.021289091,2.1289091
189,2020-02-01,Environment,87,0.012773455,1.2773455
190,2020-02-01,Government,127,0.018646307,1.8646307
191,2020-02-01,Healthcare,62,0.009102922,0.9102922
192,2020-02-01,Immigration and refugees,74,0.010864778,1.0864778
193,2020-02-02,COVID-19,79,0.012686687,1.2686687
194,2020-02-02,Economy and jobs,85,0.013650233,1.3650233
195,2020-02-02,Environment,93,0.014934961,1.4934961
196,2020-02-02,Government,63,0.010117231,1.0117231
197,2020-02-02,Healthcare,59,0.009474868,0.9474868
198,2020-02-02,Immigration and refugees,41,0.00658423,0.658423
199,2020-02-03,COVID-19,114,0.011360239,1.1360239
200,2020-02-03,Economy and jobs,191,0.019033383,1.9033383
201,2020-02-03,Environment,175,0.017438964,1.7438964
202,2020-02-03,Government,103,0.010264076,1.0264076
203,2020-02-03,Healthcare,141,0.014050822,1.4050822
204,2020-02-03,Immigration and refugees,64,0.006377678,0.6377678
205,2020-02-04,COVID-19,92,0.007937193,0.7937193
206,2020-02-04,Economy and jobs,247,0.021309637,2.1309637
207,2020-02-04,Environment,264,0.022776292,2.2776292
208,2020-02-04,Government,202,0.017427314,1.7427314
209,2020-02-04,Healthcare,98,0.008454836,0.8454836
210,2020-02-04,Immigration and refugees,43,0.003709775,0.3709775
211,2020-02-05,COVID-19,121,0.009846204,0.9846204
212,2020-02-05,Economy and jobs,242,0.019692408,1.9692408
213,2020-02-05,Environment,178,0.014484498,1.4484498
214,2020-02-05,Government,348,0.028318008,2.8318008
215,2020-02-05,Healthcare,69,0.005614777,0.5614777
216,2020-02-05,Immigration and refugees,54,0.004394174,0.4394174
217,2020-02-06,COVID-19,142,0.011571999,1.1571999
218,2020-02-06,Economy and jobs,205,0.016706055,1.6706055
219,2020-02-06,Environment,199,0.016217097,1.6217097
220,2020-02-06,Government,204,0.016624562,1.6624562
221,2020-02-06,Healthcare,160,0.013038872,1.3038872
222,2020-02-06,Immigration and refugees,49,0.003993155,0.3993155
223,2020-02-07,COVID-19,129,0.010866818,1.0866818
224,2020-02-07,Economy and jobs,395,0.033274366,3.3274366
225,2020-02-07,Environment,193,0.016258108,1.6258108
226,2020-02-07,Government,143,0.012046163,1.2046163
227,2020-02-07,Healthcare,116,0.009771713,0.9771713
228,2020-02-07,Immigration and refugees,44,0.003706512,0.3706512
229,2020-02-08,COVID-19,77,0.009696512,0.9696512
230,2020-02-08,Economy and jobs,181,0.022793099,2.2793099
231,2020-02-08,Environment,145,0.018259665,1.8259665
232,2020-02-08,Government,74,0.009318726,0.9318726
233,2020-02-08,Healthcare,74,0.009318726,0.9318726
234,2020-02-08,Immigration and refugees,41,0.005163078,0.5163078
235,2020-02-09,COVID-19,74,0.011198547,1.1198547
236,2020-02-09,Economy and jobs,124,0.018765133,1.8765133
237,2020-02-09,Environment,88,0.013317191,1.3317191
238,2020-02-09,Government,49,0.007415254,0.7415254
239,2020-02-09,Healthcare,50,0.007566586,0.7566586
240,2020-02-09,Immigration and refugees,30,0.004539952,0.4539952
241,2020-02-10,COVID-19,87,0.007746416,0.7746416
242,2020-02-10,Economy and jobs,252,0.022437895,2.2437895
243,2020-02-10,Environment,182,0.016205146,1.6205146
244,2020-02-10,Government,104,0.009260084,0.9260084
245,2020-02-10,Healthcare,63,0.005609474,0.5609474
246,2020-02-10,Immigration and refugees,45,0.004006767,0.4006767
247,2020-02-11,COVID-19,133,0.010582432,1.0582432
248,2020-02-11,Economy and jobs,261,0.020767027,2.0767027
249,2020-02-11,Environment,196,0.015595162,1.5595162
250,2020-02-11,Government,135,0.010741566,1.0741566
251,2020-02-11,Healthcare,104,0.008274984,0.8274984
252,2020-02-11,Immigration and refugees,74,0.005887969,0.5887969
253,2020-02-12,COVID-19,86,0.006385981,0.6385981
254,2020-02-12,Economy and jobs,295,0.021905398,2.1905398
255,2020-02-12,Environment,205,0.015222395,1.5222395
256,2020-02-12,Government,173,0.012846217,1.2846217
257,2020-02-12,Healthcare,108,0.008019603,0.8019603
258,2020-02-12,Immigration and refugees,55,0.004084057,0.4084057
259,2020-02-13,COVID-19,87,0.006785742,0.6785742
260,2020-02-13,Economy and jobs,310,0.024179081,2.4179081
261,2020-02-13,Environment,232,0.018095312,1.8095312
262,2020-02-13,Government,188,0.014663443,1.4663443
263,2020-02-13,Healthcare,104,0.008111692,0.8111692
264,2020-02-13,Immigration and refugees,50,0.003899852,0.3899852
265,2020-02-14,COVID-19,94,0.007610104,0.7610104
266,2020-02-14,Economy and jobs,301,0.024368523,2.4368523
267,2020-02-14,Environment,186,0.01505829,1.505829
268,2020-02-14,Government,198,0.016029793,1.6029793
269,2020-02-14,Healthcare,87,0.007043394,0.7043394
270,2020-02-14,Immigration and refugees,47,0.003805052,0.3805052
271,2020-02-15,COVID-19,79,0.010128205,1.0128205
272,2020-02-15,Economy and jobs,143,0.018333333,1.8333333
273,2020-02-15,Environment,103,0.013205128,1.3205128
274,2020-02-15,Government,98,0.012564103,1.2564103
275,2020-02-15,Healthcare,52,0.006666667,0.6666667
276,2020-02-15,Immigration and refugees,64,0.008205128,0.8205128
277,2020-02-16,COVID-19,68,0.010671689,1.0671689
278,2020-02-16,Economy and jobs,127,0.019930948,1.9930948
279,2020-02-16,Environment,92,0.014438167,1.4438167
280,2020-02-16,Government,66,0.010357815,1.0357815
281,2020-02-16,Healthcare,54,0.008474576,0.8474576
282,2020-02-16,Immigration and refugees,24,0.003766478,0.3766478
283,2020-02-17,COVID-19,84,0.010255158,1.0255158
284,2020-02-17,Economy and jobs,198,0.024172873,2.4172873
285,2020-02-17,Environment,129,0.015748993,1.5748993
286,2020-02-17,Government,115,0.0140398,1.40398
287,2020-02-17,Healthcare,62,0.007569283,0.7569283
288,2020-02-17,Immigration and refugees,49,0.005982176,0.5982176
289,2020-02-18,COVID-19,90,0.007496252,0.7496252
290,2020-02-18,Economy and jobs,360,0.029985007,2.9985007
291,2020-02-18,Environment,175,0.014576045,1.4576045
292,2020-02-18,Government,199,0.016575046,1.6575046
293,2020-02-18,Healthcare,86,0.007163085,0.7163085
294,2020-02-18,Immigration and refugees,41,0.003414959,0.3414959
295,2020-02-19,COVID-19,66,0.005007587,0.5007587
296,2020-02-19,Economy and jobs,371,0.02814871,2.814871
297,2020-02-19,Environment,211,0.016009105,1.6009105
298,2020-02-19,Government,259,0.019650986,1.9650986
299,2020-02-19,Healthcare,93,0.007056146,0.7056146
300,2020-02-19,Immigration and refugees,68,0.005159332,0.5159332
301,2020-02-20,COVID-19,109,0.007937086,0.7937086
302,2020-02-20,Economy and jobs,330,0.024029709,2.4029709
303,2020-02-20,Environment,179,0.013034297,1.3034297
304,2020-02-20,Government,187,0.013616835,1.3616835
305,2020-02-20,Healthcare,105,0.007645817,0.7645817
306,2020-02-20,Immigration and refugees,77,0.005606932,0.5606932
307,2020-02-21,COVID-19,119,0.008726899,0.8726899
308,2020-02-21,Economy and jobs,322,0.023613963,2.3613963
309,2020-02-21,Environment,203,0.014887064,1.4887064
310,2020-02-21,Government,215,0.015767087,1.5767087
311,2020-02-21,Healthcare,138,0.01012027,1.012027
312,2020-02-21,Immigration and refugees,66,0.004840129,0.4840129
313,2020-02-22,COVID-19,86,0.010022142,1.0022142
314,2020-02-22,Economy and jobs,183,0.021326186,2.1326186
315,2020-02-22,Environment,128,0.014916676,1.4916676
316,2020-02-22,Government,89,0.010371752,1.0371752
317,2020-02-22,Healthcare,72,0.00839063,0.839063
318,2020-02-22,Immigration and refugees,57,0.006642582,0.6642582
319,2020-02-23,COVID-19,76,0.009342348,0.9342348
320,2020-02-23,Economy and jobs,126,0.015488629,1.5488629
321,2020-02-23,Environment,141,0.017332514,1.7332514
322,2020-02-23,Government,64,0.00786724,0.786724
323,2020-02-23,Healthcare,51,0.006269207,0.6269207
324,2020-02-23,Immigration and refugees,59,0.007252612,0.7252612
325,2020-02-24,COVID-19,155,0.010312022,1.0312022
326,2020-02-24,Economy and jobs,392,0.026079436,2.6079436
327,2020-02-24,Environment,639,0.042512142,4.2512142
328,2020-02-24,Government,218,0.01450336,1.450336
329,2020-02-24,Healthcare,62,0.004124809,0.4124809
330,2020-02-24,Immigration and refugees,61,0.00405828,0.405828
331,2020-02-25,COVID-19,217,0.015053763,1.5053763
332,2020-02-25,Economy and jobs,348,0.024141519,2.4141519
333,2020-02-25,Environment,328,0.022754076,2.2754076
334,2020-02-25,Government,231,0.016024974,1.6024974
335,2020-02-25,Healthcare,113,0.007839057,0.7839057
336,2020-02-25,Immigration and refugees,67,0.004647936,0.4647936
337,2020-02-26,COVID-19,256,0.017240218,1.7240218
338,2020-02-26,Economy and jobs,390,0.026264395,2.6264395
339,2020-02-26,Environment,289,0.01946259,1.946259
340,2020-02-26,Government,222,0.014950502,1.4950502
341,2020-02-26,Healthcare,96,0.006465082,0.6465082
342,2020-02-26,Immigration and refugees,106,0.007138528,0.7138528
343,2020-02-27,COVID-19,260,0.016912769,1.6912769
344,2020-02-27,Economy and jobs,407,0.026474989,2.6474989
345,2020-02-27,Environment,302,0.019644832,1.9644832
346,2020-02-27,Government,271,0.017628309,1.7628309
347,2020-02-27,Healthcare,163,0.010603005,1.0603005
348,2020-02-27,Immigration and refugees,84,0.005464125,0.5464125
349,2020-02-28,COVID-19,298,0.02160203,2.160203
350,2020-02-28,Economy and jobs,373,0.027038782,2.7038782
351,2020-02-28,Environment,237,0.017180138,1.7180138
352,2020-02-28,Government,151,0.010945995,1.0945995
353,2020-02-28,Healthcare,109,0.007901414,0.7901414
354,2020-02-28,Immigration and refugees,77,0.005581733,0.5581733
355,2020-02-29,COVID-19,202,0.021544369,2.1544369
356,2020-02-29,Economy and jobs,177,0.018877986,1.8877986
357,2020-02-29,Environment,154,0.016424915,1.6424915
358,2020-02-29,Government,79,0.008425768,0.8425768
359,2020-02-29,Healthcare,88,0.009385666,0.9385666
360,2020-02-29,Immigration and refugees,77,0.008212457,0.8212457
361,2020-03-01,COVID-19,126,0.015228426,1.5228426
362,2020-03-01,Economy and jobs,137,0.016557892,1.6557892
363,2020-03-01,Environment,148,0.017887358,1.7887358
364,2020-03-01,Government,54,0.006526468,0.6526468
365,2020-03-01,Healthcare,67,0.008097655,0.8097655
366,2020-03-01,Immigration and refugees,65,0.007855934,0.7855934
367,2020-03-02,COVID-19,198,0.015244841,1.5244841
368,2020-03-02,Economy and jobs,332,0.025562057,2.5562057
369,2020-03-02,Environment,205,0.0157838,1.57838
370,2020-03-02,Government,138,0.010625192,1.0625192
371,2020-03-02,Healthcare,106,0.00816138,0.816138
372,2020-03-02,Immigration and refugees,115,0.008854327,0.8854327
373,2020-03-03,COVID-19,248,0.017359653,1.7359653
374,2020-03-03,Economy and jobs,382,0.026739465,2.6739465
375,2020-03-03,Environment,204,0.014279714,1.4279714
376,2020-03-03,Government,124,0.008679826,0.8679826
377,2020-03-03,Healthcare,87,0.006089878,0.6089878
378,2020-03-03,Immigration and refugees,96,0.006719866,0.6719866
379,2020-03-04,COVID-19,257,0.016047456,1.6047456
380,2020-03-04,Economy and jobs,421,0.026287855,2.6287855
381,2020-03-04,Environment,213,0.013300031,1.3300031
382,2020-03-04,Government,153,0.009553544,0.9553544
383,2020-03-04,Healthcare,217,0.013549797,1.3549797
384,2020-03-04,Immigration and refugees,74,0.004620668,0.4620668
385,2020-03-05,COVID-19,224,0.014037726,1.4037726
386,2020-03-05,Economy and jobs,375,0.023500658,2.3500658
387,2020-03-05,Environment,300,0.018800526,1.8800526
388,2020-03-05,Government,125,0.007833553,0.7833553
389,2020-03-05,Healthcare,203,0.01272169,1.272169
390,2020-03-05,Immigration and refugees,67,0.004198784,0.4198784
391,2020-03-06,COVID-19,353,0.024034861,2.4034861
392,2020-03-06,Economy and jobs,444,0.030230816,3.0230816
393,2020-03-06,Environment,167,0.0113706,1.13706
394,2020-03-06,Government,77,0.005242732,0.5242732
395,2020-03-06,Healthcare,146,0.009940764,0.9940764
396,2020-03-06,Immigration and refugees,84,0.005719344,0.5719344
397,2020-03-07,COVID-19,226,0.022514445,2.2514445
398,2020-03-07,Economy and jobs,238,0.023709902,2.3709902
399,2020-03-07,Environment,129,0.012851166,1.2851166
400,2020-03-07,Government,52,0.005180315,0.5180315
401,2020-03-07,Healthcare,152,0.015142459,1.5142459
402,2020-03-07,Immigration and refugees,62,0.006176529,0.6176529
403,2020-03-08,COVID-19,261,0.027450568,2.7450568
404,2020-03-08,Economy and jobs,189,0.019877997,1.9877997
405,2020-03-08,Environment,122,0.0128313,1.28313
406,2020-03-08,Government,47,0.004943206,0.4943206
407,2020-03-08,Healthcare,109,0.01146403,1.146403
408,2020-03-08,Immigration and refugees,61,0.00641565,0.641565
409,2020-03-09,COVID-19,483,0.03119349,3.119349
410,2020-03-09,Economy and jobs,524,0.033841385,3.3841385
411,2020-03-09,Environment,131,0.008460346,0.8460346
412,2020-03-09,Government,99,0.006393697,0.6393697
413,2020-03-09,Healthcare,155,0.010010333,1.0010333
414,2020-03-09,Immigration and refugees,81,0.005231206,0.5231206
415,2020-03-10,COVID-19,544,0.034833835,3.4833835
416,2020-03-10,Economy and jobs,480,0.030735737,3.0735737
417,2020-03-10,Environment,214,0.013703016,1.3703016
418,2020-03-10,Government,154,0.009861049,0.9861049
419,2020-03-10,Healthcare,208,0.013318819,1.3318819
420,2020-03-10,Immigration and refugees,106,0.006787475,0.6787475
421,2020-03-11,COVID-19,1176,0.064487826,6.4487826
422,2020-03-11,Economy and jobs,536,0.029392411,2.9392411
423,2020-03-11,Environment,192,0.010528625,1.0528625
424,2020-03-11,Government,157,0.008609344,0.8609344
425,2020-03-11,Healthcare,282,0.015463918,1.5463918
426,2020-03-11,Immigration and refugees,92,0.005044966,0.5044966
427,2020-03-12,COVID-19,1838,0.075109313,7.5109313
428,2020-03-12,Economy and jobs,490,0.020023702,2.0023702
429,2020-03-12,Environment,176,0.007192187,0.7192187
430,2020-03-12,Government,169,0.006906134,0.6906134
431,2020-03-12,Healthcare,401,0.016386743,1.6386743
432,2020-03-12,Immigration and refugees,150,0.006129705,0.6129705
433,2020-03-13,COVID-19,2023,0.082889453,8.2889453
434,2020-03-13,Economy and jobs,635,0.026018192,2.6018192
435,2020-03-13,Environment,168,0.006883553,0.6883553
436,2020-03-13,Government,393,0.016102598,1.6102598
437,2020-03-13,Healthcare,458,0.018765877,1.8765877
438,2020-03-13,Immigration and refugees,206,0.008440547,0.8440547
439,2020-03-14,COVID-19,1107,0.072944122,7.2944122
440,2020-03-14,Economy and jobs,283,0.018647865,1.8647865
441,2020-03-14,Environment,78,0.005139694,0.5139694
442,2020-03-14,Government,84,0.005535055,0.5535055
443,2020-03-14,Healthcare,305,0.020097522,2.0097522
444,2020-03-14,Immigration and refugees,97,0.006391671,0.6391671
445,2020-03-15,COVID-19,1492,0.092115824,9.2115824
446,2020-03-15,Economy and jobs,267,0.016484534,1.6484534
447,2020-03-15,Environment,80,0.004939186,0.4939186
448,2020-03-15,Government,48,0.002963512,0.2963512
449,2020-03-15,Healthcare,349,0.0215472,2.15472
450,2020-03-15,Immigration and refugees,157,0.009693153,0.9693153
451,2020-03-16,COVID-19,2258,0.089436369,8.9436369
452,2020-03-16,Economy and jobs,636,0.025191112,2.5191112
453,2020-03-16,Environment,118,0.004673823,0.4673823
454,2020-03-16,Government,97,0.003842041,0.3842041
455,2020-03-16,Healthcare,457,0.018101161,1.8101161
456,2020-03-16,Immigration and refugees,719,0.028478631,2.8478631
457,2020-03-17,COVID-19,2503,0.096110279,9.6110279
458,2020-03-17,Economy and jobs,810,0.031102408,3.1102408
459,2020-03-17,Environment,137,0.005260531,0.5260531
460,2020-03-17,Government,175,0.006719656,0.6719656
461,2020-03-17,Healthcare,473,0.01816227,1.816227
462,2020-03-17,Immigration and refugees,306,0.011749798,1.1749798
463,2020-03-18,COVID-19,2513,0.092105263,9.2105263
464,2020-03-18,Economy and jobs,1332,0.048819821,4.8819821
465,2020-03-18,Environment,98,0.003591849,0.3591849
466,2020-03-18,Government,157,0.005754288,0.5754288
467,2020-03-18,Healthcare,549,0.020121683,2.0121683
468,2020-03-18,Immigration and refugees,1025,0.037567805,3.7567805
469,2020-03-19,COVID-19,2613,0.102526878,10.2526878
470,2020-03-19,Economy and jobs,843,0.033076983,3.3076983
471,2020-03-19,Environment,113,0.004433807,0.4433807
472,2020-03-19,Government,133,0.005218551,0.5218551
473,2020-03-19,Healthcare,567,0.022247508,2.2247508
474,2020-03-19,Immigration and refugees,415,0.01628345,1.628345
475,2020-03-20,COVID-19,2538,0.102607641,10.2607641
476,2020-03-20,Economy and jobs,877,0.035455832,3.5455832
477,2020-03-20,Environment,96,0.00388114,0.388114
478,2020-03-20,Government,146,0.005902567,0.5902567
479,2020-03-20,Healthcare,581,0.023488983,2.3488983
480,2020-03-20,Immigration and refugees,485,0.019607843,1.9607843
481,2020-03-21,COVID-19,1736,0.0981179,9.81179
482,2020-03-21,Economy and jobs,504,0.028485842,2.8485842
483,2020-03-21,Environment,88,0.004973718,0.4973718
484,2020-03-21,Government,66,0.003730289,0.3730289
485,2020-03-21,Healthcare,567,0.032046572,3.2046572
486,2020-03-21,Immigration and refugees,257,0.014525519,1.4525519
487,2020-03-22,COVID-19,1796,0.110523077,11.0523077
488,2020-03-22,Economy and jobs,417,0.025661538,2.5661538
489,2020-03-22,Environment,98,0.006030769,0.6030769
490,2020-03-22,Government,196,0.012061538,1.2061538
491,2020-03-22,Healthcare,604,0.037169231,3.7169231
492,2020-03-22,Immigration and refugees,95,0.005846154,0.5846154
493,2020-03-23,COVID-19,2835,0.11610763,11.610763
494,2020-03-23,Economy and jobs,911,0.037310071,3.7310071
495,2020-03-23,Environment,134,0.00548798,0.548798
496,2020-03-23,Government,290,0.011876971,1.1876971
497,2020-03-23,Healthcare,618,0.025310235,2.5310235
498,2020-03-23,Immigration and refugees,93,0.003808822,0.3808822
499,2020-03-24,COVID-19,2430,0.096635648,9.6635648
500,2020-03-24,Economy and jobs,1088,0.043267319,4.3267319
501,2020-03-24,Environment,158,0.006283305,0.6283305
502,2020-03-24,Government,486,0.01932713,1.932713
503,2020-03-24,Healthcare,593,0.023582279,2.3582279
504,2020-03-24,Immigration and refugees,99,0.003937008,0.3937008
505,2020-03-25,COVID-19,2605,0.101035566,10.1035566
506,2020-03-25,Economy and jobs,1281,0.0496839,4.96839
507,2020-03-25,Environment,124,0.004809371,0.4809371
508,2020-03-25,Government,541,0.020982818,2.0982818
509,2020-03-25,Healthcare,600,0.023271148,2.3271148
510,2020-03-25,Immigration and refugees,99,0.003839739,0.3839739
511,2020-03-26,COVID-19,2437,0.09894036,9.894036
512,2020-03-26,Economy and jobs,1015,0.041208234,4.1208234
513,2020-03-26,Environment,161,0.006536478,0.6536478
514,2020-03-26,Government,217,0.008810036,0.8810036
515,2020-03-26,Healthcare,920,0.037351305,3.7351305
516,2020-03-26,Immigration and refugees,464,0.01883805,1.883805
517,2020-03-27,COVID-19,2320,0.095832129,9.5832129
518,2020-03-27,Economy and jobs,992,0.040976496,4.0976496
519,2020-03-27,Environment,140,0.005782973,0.5782973
520,2020-03-27,Government,141,0.00582428,0.582428
521,2020-03-27,Healthcare,814,0.033623859,3.3623859
522,2020-03-27,Immigration and refugees,271,0.011194184,1.1194184
523,2020-03-28,COVID-19,1614,0.101286476,10.1286476
524,2020-03-28,Economy and jobs,404,0.025352997,2.5352997
525,2020-03-28,Environment,105,0.006589269,0.6589269
526,2020-03-28,Government,84,0.005271415,0.5271415
527,2020-03-28,Healthcare,551,0.034577973,3.4577973
528,2020-03-28,Immigration and refugees,92,0.005773455,0.5773455
529,2020-03-29,COVID-19,1398,0.093237295,9.3237295
530,2020-03-29,Economy and jobs,349,0.023275977,2.3275977
531,2020-03-29,Environment,107,0.007136188,0.7136188
532,2020-03-29,Government,40,0.002667734,0.2667734
533,2020-03-29,Healthcare,464,0.030945712,3.0945712
534,2020-03-29,Immigration and refugees,99,0.006602641,0.6602641
535,2020-03-30,COVID-19,2012,0.093957224,9.3957224
536,2020-03-30,Economy and jobs,673,0.031428038,3.1428038
537,2020-03-30,Environment,154,0.007191557,0.7191557
538,2020-03-30,Government,100,0.004669842,0.4669842
539,2020-03-30,Healthcare,949,0.044316802,4.4316802
540,2020-03-30,Immigration and refugees,63,0.002942001,0.2942001
541,2020-03-31,COVID-19,1983,0.08800426,8.800426
542,2020-03-31,Economy and jobs,784,0.034793414,3.4793414
543,2020-03-31,Environment,201,0.00892025,0.892025
544,2020-03-31,Government,96,0.004260418,0.4260418
545,2020-03-31,Healthcare,758,0.033639551,3.3639551
546,2020-03-31,Immigration and refugees,106,0.004704212,0.4704212
547,2020-04-01,COVID-19,2225,0.092913517,9.2913517
548,2020-04-01,Economy and jobs,966,0.040339082,4.0339082
549,2020-04-01,Environment,236,0.009855097,0.9855097
550,2020-04-01,Government,279,0.011650729,1.1650729
551,2020-04-01,Healthcare,759,0.031694993,3.1694993
552,2020-04-01,Immigration and refugees,127,0.005303378,0.5303378
553,2020-04-02,COVID-19,2207,0.092069584,9.2069584
554,2020-04-02,Economy and jobs,852,0.035542948,3.5542948
555,2020-04-02,Environment,160,0.006674732,0.6674732
556,2020-04-02,Government,122,0.005089483,0.5089483
557,2020-04-02,Healthcare,812,0.033874265,3.3874265
558,2020-04-02,Immigration and refugees,96,0.004004839,0.4004839
559,2020-04-03,COVID-19,2350,0.099235674,9.9235674
560,2020-04-03,Economy and jobs,813,0.03433132,3.433132
561,2020-04-03,Environment,144,0.006080824,0.6080824
562,2020-04-03,Government,103,0.004349478,0.4349478
563,2020-04-03,Healthcare,847,0.035767071,3.5767071
564,2020-04-03,Immigration and refugees,94,0.003969427,0.3969427
565,2020-04-04,COVID-19,1275,0.093440821,9.3440821
566,2020-04-04,Economy and jobs,306,0.022425797,2.2425797
567,2020-04-04,Environment,60,0.004397215,0.4397215
568,2020-04-04,Government,37,0.002711616,0.2711616
569,2020-04-04,Healthcare,493,0.036130451,3.6130451
570,2020-04-04,Immigration and refugees,63,0.004617076,0.4617076
571,2020-04-05,COVID-19,1113,0.096673326,9.6673326
572,2020-04-05,Economy and jobs,350,0.030400417,3.0400417
573,2020-04-05,Environment,64,0.005558933,0.5558933
574,2020-04-05,Government,29,0.002518892,0.2518892
575,2020-04-05,Healthcare,432,0.0375228,3.75228
576,2020-04-05,Immigration and refugees,42,0.00364805,0.364805
577,2020-04-06,COVID-19,1435,0.087239346,8.7239346
578,2020-04-06,Economy and jobs,637,0.038725758,3.8725758
579,2020-04-06,Environment,78,0.00474193,0.474193
580,2020-04-06,Government,72,0.004377166,0.4377166
581,2020-04-06,Healthcare,757,0.046021035,4.6021035
582,2020-04-06,Immigration and refugees,153,0.009301477,0.9301477
583,2020-04-07,COVID-19,1640,0.095232565,9.5232565
584,2020-04-07,Economy and jobs,511,0.029673074,2.9673074
585,2020-04-07,Environment,89,0.005168109,0.5168109
586,2020-04-07,Government,56,0.003251844,0.3251844
587,2020-04-07,Healthcare,712,0.04134487,4.134487
588,2020-04-07,Immigration and refugees,109,0.006329481,0.6329481
589,2020-04-08,COVID-19,1567,0.099397399,9.9397399
590,2020-04-08,Economy and jobs,701,0.044465588,4.4465588
591,2020-04-08,Environment,92,0.005835712,0.5835712
592,2020-04-08,Government,79,0.005011101,0.5011101
593,2020-04-08,Healthcare,470,0.029812877,2.9812877
594,2020-04-08,Immigration and refugees,96,0.006089439,0.6089439
595,2020-04-09,COVID-19,1547,0.103867329,10.3867329
596,2020-04-09,Economy and jobs,971,0.065194038,6.5194038
597,2020-04-09,Environment,99,0.006646972,0.6646972
598,2020-04-09,Government,134,0.008996912,0.8996912
599,2020-04-09,Healthcare,438,0.029407815,2.9407815
600,2020-04-09,Immigration and refugees,71,0.00476702,0.476702
601,2020-04-10,COVID-19,1123,0.10407785,10.407785
602,2020-04-10,Economy and jobs,386,0.035773865,3.5773865
603,2020-04-10,Environment,59,0.005468026,0.5468026
604,2020-04-10,Government,67,0.006209453,0.6209453
605,2020-04-10,Healthcare,352,0.032622799,3.2622799
606,2020-04-10,Immigration and refugees,52,0.004819277,0.4819277
607,2020-04-11,COVID-19,870,0.093407773,9.3407773
608,2020-04-11,Economy and jobs,300,0.032209577,3.2209577
609,2020-04-11,Environment,52,0.005582993,0.5582993
610,2020-04-11,Government,142,0.015245866,1.5245866
611,2020-04-11,Healthcare,313,0.033605325,3.3605325
612,2020-04-11,Immigration and refugees,34,0.003650419,0.3650419
613,2020-04-12,COVID-19,631,0.084155775,8.4155775
614,2020-04-12,Economy and jobs,205,0.027340624,2.7340624
615,2020-04-12,Environment,53,0.007068552,0.7068552
616,2020-04-12,Government,75,0.010002667,1.0002667
617,2020-04-12,Healthcare,326,0.043478261,4.3478261
618,2020-04-12,Immigration and refugees,29,0.003867698,0.3867698
619,2020-04-13,COVID-19,1116,0.10214168,10.214168
620,2020-04-13,Economy and jobs,317,0.029013363,2.9013363
621,2020-04-13,Environment,73,0.006681311,0.6681311
622,2020-04-13,Government,44,0.004027091,0.4027091
623,2020-04-13,Healthcare,376,0.034413326,3.4413326
624,2020-04-13,Immigration and refugees,43,0.003935567,0.3935567
625,2020-04-14,COVID-19,1441,0.103953253,10.3953253
626,2020-04-14,Economy and jobs,540,0.038955418,3.8955418
627,2020-04-14,Environment,78,0.005626894,0.5626894
628,2020-04-14,Government,107,0.007718944,0.7718944
629,2020-04-14,Healthcare,388,0.027990189,2.7990189
630,2020-04-14,Immigration and refugees,87,0.006276151,0.6276151
631,2020-04-15,COVID-19,1645,0.100268195,10.0268195
632,2020-04-15,Economy and jobs,857,0.052236986,5.2236986
633,2020-04-15,Environment,59,0.003596245,0.3596245
634,2020-04-15,Government,121,0.00737535,0.737535
635,2020-04-15,Healthcare,442,0.026941363,2.6941363
636,2020-04-15,Immigration and refugees,123,0.007497257,0.7497257
637,2020-04-16,COVID-19,1604,0.083935113,8.3935113
638,2020-04-16,Economy and jobs,808,0.042281528,4.2281528
639,2020-04-16,Environment,84,0.004395604,0.4395604
640,2020-04-16,Government,111,0.005808477,0.5808477
641,2020-04-16,Healthcare,547,0.028623757,2.8623757
642,2020-04-16,Immigration and refugees,205,0.010727368,1.0727368
643,2020-04-17,COVID-19,1668,0.080122971,8.0122971
644,2020-04-17,Economy and jobs,871,0.041838793,4.1838793
645,2020-04-17,Environment,266,0.012777404,1.2777404
646,2020-04-17,Government,196,0.009414929,0.9414929
647,2020-04-17,Healthcare,534,0.025650879,2.5650879
648,2020-04-17,Immigration and refugees,171,0.008214046,0.8214046
649,2020-04-18,COVID-19,1158,0.085278739,8.5278739
650,2020-04-18,Economy and jobs,409,0.030120038,3.0120038
651,2020-04-18,Environment,143,0.010530967,1.0530967
652,2020-04-18,Government,156,0.011488328,1.1488328
653,2020-04-18,Healthcare,380,0.027984388,2.7984388
654,2020-04-18,Immigration and refugees,210,0.015465056,1.5465056
655,2020-04-19,COVID-19,1026,0.074229489,7.4229489
656,2020-04-19,Economy and jobs,352,0.025466647,2.5466647
657,2020-04-19,Environment,135,0.009767038,0.9767038
658,2020-04-19,Government,244,0.017653017,1.7653017
659,2020-04-19,Healthcare,336,0.024309072,2.4309072
660,2020-04-19,Immigration and refugees,55,0.003979164,0.3979164
661,2020-04-20,COVID-19,1496,0.076584417,7.6584417
662,2020-04-20,Economy and jobs,557,0.028514385,2.8514385
663,2020-04-20,Environment,136,0.00696222,0.696222
664,2020-04-20,Government,242,0.012388656,1.2388656
665,2020-04-20,Healthcare,497,0.025442818,2.5442818
666,2020-04-20,Immigration and refugees,49,0.002508447,0.2508447
667,2020-04-21,COVID-19,1579,0.07834673,7.834673
668,2020-04-21,Economy and jobs,625,0.031011214,3.1011214
669,2020-04-21,Environment,129,0.006400714,0.6400714
670,2020-04-21,Government,221,0.010965565,1.0965565
671,2020-04-21,Healthcare,554,0.02748834,2.748834
672,2020-04-21,Immigration and refugees,77,0.003820582,0.3820582
673,2020-04-22,COVID-19,1650,0.077811837,7.7811837
674,2020-04-22,Economy and jobs,744,0.035086065,3.5086065
675,2020-04-22,Environment,280,0.013204433,1.3204433
676,2020-04-22,Government,153,0.007215279,0.7215279
677,2020-04-22,Healthcare,515,0.024286725,2.4286725
678,2020-04-22,Immigration and refugees,79,0.003725536,0.3725536
679,2020-04-23,COVID-19,1603,0.076993276,7.6993276
680,2020-04-23,Economy and jobs,693,0.033285303,3.3285303
681,2020-04-23,Environment,166,0.007973103,0.7973103
682,2020-04-23,Government,103,0.004947166,0.4947166
683,2020-04-23,Healthcare,467,0.022430355,2.2430355
684,2020-04-23,Immigration and refugees,96,0.004610951,0.4610951
685,2020-04-24,COVID-19,1438,0.070081388,7.0081388
686,2020-04-24,Economy and jobs,962,0.046883376,4.6883376
687,2020-04-24,Environment,201,0.009795799,0.9795799
688,2020-04-24,Government,88,0.004288708,0.4288708
689,2020-04-24,Healthcare,564,0.02748672,2.748672
690,2020-04-24,Immigration and refugees,87,0.004239973,0.4239973
691,2020-04-25,COVID-19,981,0.076610699,7.6610699
692,2020-04-25,Economy and jobs,337,0.026317845,2.6317845
693,2020-04-25,Environment,123,0.009605623,0.9605623
694,2020-04-25,Government,71,0.005544709,0.5544709
695,2020-04-25,Healthcare,335,0.026161656,2.6161656
696,2020-04-25,Immigration and refugees,42,0.003279969,0.3279969
697,2020-04-26,COVID-19,892,0.081024616,8.1024616
698,2020-04-26,Economy and jobs,309,0.028067944,2.8067944
699,2020-04-26,Environment,109,0.00990099,0.990099
700,2020-04-26,Government,58,0.005268417,0.5268417
701,2020-04-26,Healthcare,199,0.01807612,1.807612
702,2020-04-26,Immigration and refugees,26,0.002361704,0.2361704
703,2020-04-27,COVID-19,1314,0.073498154,7.3498154
704,2020-04-27,Economy and jobs,760,0.042510348,4.2510348
705,2020-04-27,Environment,135,0.00755118,0.755118
706,2020-04-27,Government,101,0.005649401,0.5649401
707,2020-04-27,Healthcare,319,0.017843159,1.7843159
708,2020-04-27,Immigration and refugees,61,0.003412015,0.3412015
709,2020-04-28,COVID-19,1412,0.074097397,7.4097397
710,2020-04-28,Economy and jobs,765,0.040144836,4.0144836
711,2020-04-28,Environment,134,0.007031906,0.7031906
712,2020-04-28,Government,214,0.011230059,1.1230059
713,2020-04-28,Healthcare,531,0.027865239,2.7865239
714,2020-04-28,Immigration and refugees,63,0.003306045,0.3306045
715,2020-04-29,COVID-19,1171,0.079046848,7.9046848
716,2020-04-29,Economy and jobs,527,0.035574457,3.5574457
717,2020-04-29,Environment,113,0.00762792,0.762792
718,2020-04-29,Government,120,0.008100446,0.8100446
719,2020-04-29,Healthcare,329,0.022208721,2.2208721
720,2020-04-29,Immigration and refugees,35,0.00236263,0.236263
721,2020-04-30,COVID-19,1071,0.075411914,7.5411914
722,2020-04-30,Economy and jobs,479,0.033727644,3.3727644
723,2020-04-30,Environment,131,0.009224053,0.9224053
724,2020-04-30,Government,135,0.009505703,0.9505703
725,2020-04-30,Healthcare,334,0.023517814,2.3517814
726,2020-04-30,Immigration and refugees,51,0.003591044,0.3591044
727,2020-05-01,COVID-19,979,0.067275976,6.7275976
728,2020-05-01,Economy and jobs,522,0.035871358,3.5871358
729,2020-05-01,Environment,91,0.006253436,0.6253436
730,2020-05-01,Government,215,0.014774601,1.4774601
731,2020-05-01,Healthcare,290,0.019928532,1.9928532
732,2020-05-01,Immigration and refugees,80,0.005497526,0.5497526
733,2020-05-02,COVID-19,682,0.070150175,7.0150175
734,2020-05-02,Economy and jobs,225,0.023143386,2.3143386
735,2020-05-02,Environment,98,0.01008023,1.008023
736,2020-05-02,Government,85,0.008743057,0.8743057
737,2020-05-02,Healthcare,189,0.019440444,1.9440444
738,2020-05-02,Immigration and refugees,47,0.004834396,0.4834396
739,2020-05-03,COVID-19,680,0.074357572,7.4357572
740,2020-05-03,Economy and jobs,244,0.026681247,2.6681247
741,2020-05-03,Environment,57,0.006232914,0.6232914
742,2020-05-03,Government,51,0.005576818,0.5576818
743,2020-05-03,Healthcare,213,0.023291416,2.3291416
744,2020-05-03,Immigration and refugees,63,0.00688901,0.688901
745,2020-05-04,COVID-19,1196,0.071356124,7.1356124
746,2020-05-04,Economy and jobs,467,0.027862299,2.7862299
747,2020-05-04,Environment,102,0.006085556,0.6085556
748,2020-05-04,Government,104,0.00620488,0.620488
749,2020-05-04,Healthcare,304,0.018137343,1.8137343
750,2020-05-04,Immigration and refugees,62,0.003699063,0.3699063
751,2020-05-05,COVID-19,1289,0.067251004,6.7251004
752,2020-05-05,Economy and jobs,489,0.0255126,2.55126
753,2020-05-05,Environment,121,0.006312934,0.6312934
754,2020-05-05,Government,135,0.007043356,0.7043356
755,2020-05-05,Healthcare,353,0.018417071,1.8417071
756,2020-05-05,Immigration and refugees,77,0.004017321,0.4017321
757,2020-05-06,COVID-19,1024,0.073669065,7.3669065
758,2020-05-06,Economy and jobs,474,0.034100719,3.4100719
759,2020-05-06,Environment,151,0.010863309,1.0863309
760,2020-05-06,Government,96,0.006906475,0.6906475
761,2020-05-06,Healthcare,262,0.018848921,1.8848921
762,2020-05-06,Immigration and refugees,49,0.00352518,0.352518
763,2020-05-07,COVID-19,913,0.069135242,6.9135242
764,2020-05-07,Economy and jobs,423,0.032030895,3.2030895
765,2020-05-07,Environment,141,0.010676965,1.0676965
766,2020-05-07,Government,87,0.006587915,0.6587915
767,2020-05-07,Healthcare,310,0.023474178,2.3474178
768,2020-05-07,Immigration and refugees,45,0.003407542,0.3407542
769,2020-05-08,COVID-19,989,0.075260635,7.5260635
770,2020-05-08,Economy and jobs,909,0.069172818,6.9172818
771,2020-05-08,Environment,130,0.009892702,0.9892702
772,2020-05-08,Government,80,0.006087817,0.6087817
773,2020-05-08,Healthcare,253,0.01925272,1.925272
774,2020-05-08,Immigration and refugees,63,0.004794156,0.4794156
775,2020-05-09,COVID-19,764,0.082594595,8.2594595
776,2020-05-09,Economy and jobs,308,0.033297297,3.3297297
777,2020-05-09,Environment,109,0.011783784,1.1783784
778,2020-05-09,Government,57,0.006162162,0.6162162
779,2020-05-09,Healthcare,141,0.015243243,1.5243243
780,2020-05-09,Immigration and refugees,33,0.003567568,0.3567568
781,2020-05-10,COVID-19,678,0.08794915,8.794915
782,2020-05-10,Economy and jobs,176,0.022830458,2.2830458
783,2020-05-10,Environment,95,0.012323259,1.2323259
784,2020-05-10,Government,40,0.00518874,0.518874
785,2020-05-10,Healthcare,114,0.01478791,1.478791
786,2020-05-10,Immigration and refugees,28,0.003632118,0.3632118
787,2020-05-11,COVID-19,937,0.069141086,6.9141086
788,2020-05-11,Economy and jobs,463,0.034164699,3.4164699
789,2020-05-11,Environment,152,0.011216057,1.1216057
790,2020-05-11,Government,70,0.005165289,0.5165289
791,2020-05-11,Healthcare,328,0.02420307,2.420307
792,2020-05-11,Immigration and refugees,77,0.005681818,0.5681818
793,2020-05-12,COVID-19,1378,0.075822604,7.5822604
794,2020-05-12,Economy and jobs,529,0.029107516,2.9107516
795,2020-05-12,Environment,136,0.007483218,0.7483218
796,2020-05-12,Government,226,0.012435347,1.2435347
797,2020-05-12,Healthcare,521,0.028667327,2.8667327
798,2020-05-12,Immigration and refugees,180,0.009904259,0.9904259
799,2020-05-13,COVID-19,1457,0.072621243,7.2621243
800,2020-05-13,Economy and jobs,674,0.033594178,3.3594178
801,2020-05-13,Environment,182,0.009071425,0.9071425
802,2020-05-13,Government,148,0.007376763,0.7376763
803,2020-05-13,Healthcare,402,0.020036884,2.0036884
804,2020-05-13,Immigration and refugees,174,0.008672681,0.8672681
805,2020-05-14,COVID-19,1400,0.071883344,7.1883344
806,2020-05-14,Economy and jobs,707,0.036301089,3.6301089
807,2020-05-14,Environment,207,0.010628466,1.0628466
808,2020-05-14,Government,161,0.008266585,0.8266585
809,2020-05-14,Healthcare,338,0.017354693,1.7354693
810,2020-05-14,Immigration and refugees,120,0.006161429,0.6161429
811,2020-05-15,COVID-19,925,0.068493151,6.8493151
812,2020-05-15,Economy and jobs,463,0.034283599,3.4283599
813,2020-05-15,Environment,122,0.009033691,0.9033691
814,2020-05-15,Government,153,0.011329137,1.1329137
815,2020-05-15,Healthcare,213,0.015771936,1.5771936
816,2020-05-15,Immigration and refugees,110,0.008145131,0.8145131
817,2020-05-16,COVID-19,658,0.077311714,7.7311714
818,2020-05-16,Economy and jobs,237,0.027846317,2.7846317
819,2020-05-16,Environment,58,0.00681471,0.681471
820,2020-05-16,Government,74,0.00869463,0.869463
821,2020-05-16,Healthcare,135,0.015861826,1.5861826
822,2020-05-16,Immigration and refugees,58,0.00681471,0.681471
823,2020-05-17,COVID-19,561,0.072200772,7.2200772
824,2020-05-17,Economy and jobs,212,0.027284427,2.7284427
825,2020-05-17,Environment,46,0.005920206,0.5920206
826,2020-05-17,Government,40,0.005148005,0.5148005
827,2020-05-17,Healthcare,141,0.018146718,1.8146718
828,2020-05-17,Immigration and refugees,84,0.010810811,1.0810811
829,2020-05-18,COVID-19,571,0.062692139,6.2692139
830,2020-05-18,Economy and jobs,216,0.023715415,2.3715415
831,2020-05-18,Environment,84,0.009222661,0.9222661
832,2020-05-18,Government,61,0.006697409,0.6697409
833,2020-05-18,Healthcare,154,0.016908213,1.6908213
834,2020-05-18,Immigration and refugees,42,0.004611331,0.4611331
835,2020-05-19,COVID-19,927,0.063671955,6.3671955
836,2020-05-19,Economy and jobs,415,0.028504705,2.8504705
837,2020-05-19,Environment,142,0.009753417,0.9753417
838,2020-05-19,Government,152,0.010440277,1.0440277
839,2020-05-19,Healthcare,218,0.014973556,1.4973556
840,2020-05-19,Immigration and refugees,300,0.020605811,2.0605811
841,2020-05-20,COVID-19,1113,0.060703572,6.0703572
842,2020-05-20,Economy and jobs,646,0.035233161,3.5233161
843,2020-05-20,Environment,196,0.010689937,1.0689937
844,2020-05-20,Government,211,0.011508045,1.1508045
845,2020-05-20,Healthcare,302,0.01647123,1.647123
846,2020-05-20,Immigration and refugees,152,0.008290155,0.8290155
847,2020-05-21,COVID-19,1105,0.063128428,6.3128428
848,2020-05-21,Economy and jobs,555,0.031707038,3.1707038
849,2020-05-21,Environment,180,0.010283364,1.0283364
850,2020-05-21,Government,222,0.012682815,1.2682815
851,2020-05-21,Healthcare,279,0.015939214,1.5939214
852,2020-05-21,Immigration and refugees,85,0.004856033,0.4856033
853,2020-05-22,COVID-19,820,0.063580678,6.3580678
854,2020-05-22,Economy and jobs,362,0.028068543,2.8068543
855,2020-05-22,Environment,159,0.012328448,1.2328448
856,2020-05-22,Government,267,0.020702489,2.0702489
857,2020-05-22,Healthcare,173,0.013413972,1.3413972
858,2020-05-22,Immigration and refugees,49,0.003799333,0.3799333
859,2020-05-23,COVID-19,592,0.073203908,7.3203908
860,2020-05-23,Economy and jobs,184,0.022752566,2.2752566
861,2020-05-23,Environment,97,0.011994559,1.1994559
862,2020-05-23,Government,72,0.008903178,0.8903178
863,2020-05-23,Healthcare,159,0.019661185,1.9661185
864,2020-05-23,Immigration and refugees,38,0.004698899,0.4698899
865,2020-05-24,COVID-19,536,0.069152367,6.9152367
866,2020-05-24,Economy and jobs,156,0.020126435,2.0126435
867,2020-05-24,Environment,70,0.009031093,0.9031093
868,2020-05-24,Government,120,0.015481873,1.5481873
869,2020-05-24,Healthcare,134,0.017288092,1.7288092
870,2020-05-24,Immigration and refugees,37,0.004773578,0.4773578
871,2020-05-25,COVID-19,792,0.065868263,6.5868263
872,2020-05-25,Economy and jobs,449,0.037341983,3.7341983
873,2020-05-25,Environment,110,0.00914837,0.914837
874,2020-05-25,Government,196,0.016300732,1.6300732
875,2020-05-25,Healthcare,174,0.014471058,1.4471058
876,2020-05-25,Immigration and refugees,61,0.005073187,0.5073187
